Salary,NBA_Country,Age,Tm,MP,PER,TS%,3PAr,FTr,STL%,BLK%,USG%
815615,China,22,HOU,87,0.6,0.303,0.593,0.37,1.1,6.8,19.5
3477600,Georgia,33,GSW,937,16.8,0.608,0.004,0.337,1.9,1.3,17.2
12307692,USA,36,SAC,1508,17.3,0.529,0.193,0.14,1.4,0.6,27.6
3202217,USA,22,CHI,656,14.6,0.499,0.346,0.301,1.8,0.5,29.5
3057240,USA,20,POR,979,8.2,0.487,0.387,0.146,0.8,2.5,15.5
1312611,USA,24,DAL,2238,11.5,0.543,0.489,0.141,1.4,0.3,17
74159,USA,30,BOS,7,-4.9,0,0.667,0,7.2,0,19.2
46080,Canada,23,MEM,118,0.9,0.315,0.333,0.214,2.6,2.4,21.7
12016854,USA,30,DEN,2200,11.1,0.543,0.39,0.186,0.9,1.4,14.6
1435750,Spain,23,TOT,430,20.6,0.592,0.075,0.555,1.8,2.8,21.7
1577230,USA,27,TOT,428,19.2,0.671,0.017,0.455,1,4.3,16.6
3704160,USA,24,SAC,1943,17.1,0.523,0.017,0.32,1.9,3.1,21.6
3533333,USA,27,DEN,2530,15.9,0.557,0.409,0.221,1.6,1.6,20.5
17884176,USA,31,DAL,2131,11.4,0.541,0.577,0.145,1.8,0.7,17.6
5881260,USA,30,LAC,1422,9.8,0.512,0.484,0.157,2.5,3.6,13
1050000,USA,23,ORL,902,7.6,0.464,0.205,0.215,1.7,1,11.8
1312611,USA,23,MEM,692,11.8,0.551,0.454,0.219,1.3,0.7,22.7
6270000,USA,30,MIA,1962,12.1,0.582,0.83,0.113,1.3,0.3,17.3
1874400,USA,21,POR,29,17,0.73,0.143,1.286,0,0,19.6
50000,USA,23,MEM,7,35.9,0.6,0,0,0,13.4,38.5
8000000,USA,41,SAC,971,10.6,0.519,0.584,0.126,2.1,2.5,14.7
21000000,USA,25,IND,2471,23.1,0.576,0.324,0.28,3.4,2,30.2
50000,USA,25,LAL,45,-1.8,0.255,0.4,0.4,1.1,0,8.4
2328652,USA,37,MIA,72,1.8,0.252,0.533,0.133,0,2.4,11.2
1471382,USA,21,MIN,1404,14.1,0.574,0.372,0.247,3.2,0.4,12.7
13000000,USA,35,PHO,1151,14.3,0.657,0,0.503,0.7,1.9,10.6
3290000,USA,28,MEM,1607,21.2,0.561,0.354,0.258,1.8,1,28.5
1709538,USA,28,TOT,1025,15.9,0.585,0.088,0.241,0.7,2.5,17
1312611,USA,22,PHO,1563,9.7,0.459,0.267,0.183,2,0.3,18.2
1579440,USA,21,DEN,2,0,,,,0,0,0
5881260,USA,25,MIA,1964,13,0.55,0.46,0.186,1.4,1.4,18.6
1524305,Canada,23,LAL,584,10.4,0.459,0.265,0.108,1.9,1.4,16.3
815615,USA,21,ATL,897,9.3,0.478,0.52,0.157,0.9,0.4,20
679919,USA,23,ATL,518,13,0.567,0.586,0.138,0.8,0.7,14.8
1471382,USA,23,TOT,307,15.2,0.544,0.349,0.275,3.2,1.1,20.1
3408520,USA,26,PHO,1609,10,0.585,0.798,0.112,0.7,0.3,17.2
16400000,Canada,26,CLE,1017,13.7,0.573,0,0.349,0.8,1.4,12.5
46080,USA,27,IND,1,0,,,,0,0,0
2441400,USA,22,DEN,1366,18,0.589,0.398,0.267,1.1,2.1,21.2
784160,USA,25,NYK,648,22.8,0.576,0.262,0.133,1.5,0.5,25.9
9125000,USA,30,TOT,1085,14.8,0.563,0.089,0.275,1.2,1.5,16.5
7420912,USA,32,HOU,2179,12.1,0.573,0.713,0.143,2.1,0.5,14.4
1312611,USA,24,CHO,1050,9,0.553,0.439,0.267,1.5,0.2,11.3
148318,USA,27,LAL,172,9.8,0.562,0.719,0.14,0.8,1.9,15.9
9821429,USA,26,MIL,1955,8.4,0.584,0.63,0.116,1.2,1.1,10.5
15453126,France,35,SAS,1020,13.1,0.499,0.094,0.198,1.4,0.1,20.6
1414920,USA,20,UTA,29,9.5,0.337,0.091,0.182,0,0,18.5
2116955,USA,36,NOP,273,8.7,0.514,0.132,0.231,1.9,0.9,18.9
3000000,Czech Republic,26,WAS,1535,15.4,0.618,0.265,0.27,1.6,0.8,13.7
16000000,USA,25,TOT,2546,17.4,0.569,0.369,0.178,1.3,1.1,23.2
1386600,France,22,PHI,807,7,0.511,0.592,0.217,0.7,0.5,17.5
15280000,Russia,31,BRK,339,10.2,0.589,0.212,0.294,0.7,2.4,16.2
16500000,USA,25,NYK,1856,14.4,0.531,0.476,0.209,1.6,0.5,23.8
2000000,USA,27,WAS,807,11.2,0.477,0.335,0.183,2.6,0.8,12.7
2684160,South Sudan,20,MIL,1205,10.5,0.502,0.326,0.293,1.6,3.7,14.6
815615,USA,20,LAL,34,7.7,0.473,0.556,0.667,0,0,15.8
14796348,USA,29,IND,2544,14.7,0.528,0.212,0.104,2.5,1.2,17.3
5250000,Switzerland,33,UTA,806,15.9,0.591,0.35,0.225,3.2,1.3,16.4
1988520,USA,23,BOS,1980,15.4,0.524,0.499,0.188,2,0.7,20.5
10500000,USA,26,ORL,576,10.3,0.515,0.48,0.198,2.3,1.2,16.6
1785000,USA,19,OKC,728,7,0.532,0.692,0.063,1.6,1.2,10.3
2422560,USA,23,ATL,2359,12.3,0.544,0.463,0.184,1.7,1.5,21.7
3290000,USA,26,HOU,474,14.9,0.589,0.078,0.478,2.1,4.7,15.9
14000000,USA,32,MIN,2613,15.4,0.615,0.05,0.253,1.1,1.8,14.6
3152931,USA,24,PHO,2142,17.7,0.541,0.085,0.24,1.5,1.5,24.9
1471382,USA,25,PHI,1651,12.3,0.546,0.148,0.096,2.6,0.6,13.8
2028360,USA,20,IND,428,10.5,0.554,0.322,0.099,0.6,0.8,14.2
22471910,New Zealand,24,OKC,2390,20.8,0.628,0.003,0.397,1.9,2.9,16.7
815615,USA,22,MIL,728,9.5,0.513,0.44,0.126,2.1,1.3,14
34682550,USA,29,GSW,1631,28.2,0.675,0.58,0.35,2.4,0.4,31
3097800,USA,21,DET,1773,9.1,0.483,0.418,0.264,2.6,0.6,16.4
1524305,USA,24,BRK,2217,16,0.526,0.508,0.323,1.4,0.8,20.3
12236535,USA,26,NOP,127,6.8,0.385,0.563,0.125,1.5,0.6,13.2
1312611,Haiti,21,SAC,1240,14.3,0.513,0.111,0.258,1,3.7,21.1
815615,USA,23,LAC,1059,8.1,0.517,0.262,0.383,2.1,1.8,11.6
6000000,USA,27,ORL,1283,13.7,0.526,0.332,0.244,1.9,0.5,17.5
7692308,USA,32,GSW,1081,11.6,0.539,0.012,0.176,1.5,1.5,16.5
92160,USA,24,PHO,291,15.2,0.534,0.221,0.347,3.5,1.9,18.3
1524305,USA,25,BOS,686,10.2,0.506,0.387,0.17,1.8,0.2,15.5
2361360,USA,26,POR,1455,14.5,0.553,0.414,0.268,2.7,0.8,19.5
1577230,USA,25,TOT,385,14.4,0.5,0.147,0.229,1.2,0.7,22.3
20061729,Democratic Re_,28,TOR,2010,14.5,0.569,0.381,0.155,0.7,3.7,19.4
1291892,USA,23,BOS,1049,4,0.448,0.689,0.25,1,0.2,8.7
1524305,USA,28,TOT,537,9.5,0.475,0.5,0.238,0.8,0.6,24.6
74159,USA,28,DAL,8,-4.6,0.266,0,2,0,0,16.4
1794600,USA,23,LAC,817,11.1,0.526,0.251,0.222,1.3,0.9,15.5
1471382,Tunisia,31,DAL,729,17.8,0.644,0.022,0.482,1.5,8.2,12.8
19578455,USA,29,HOU,1725,12.6,0.592,0.706,0.194,0.7,1,14.4
28530608,USA,29,OKC,2801,25,0.528,0.194,0.339,2.5,0.6,34.3
21974719,France,25,UTA,1702,20.9,0.659,0,0.682,1.2,6.1,16.9
8406000,USA,31,SAS,1160,17.8,0.545,0.219,0.268,1.9,2.6,24.5
815615,USA,24,UTA,1052,10.4,0.521,0.412,0.267,1.7,1.2,14.8
1471382,USA,23,BRK,1811,17.3,0.55,0.074,0.436,1.6,1.7,22.6
4328000,USA,24,NYK,385,9.3,0.504,0.559,0.441,3.3,1.4,10
92160,USA,23,ORL,203,4.1,0.427,0.577,0.127,0.7,1.2,18
1312611,USA,26,MIA,258,12.4,0.623,0.484,0.094,1.6,0.7,12.3
2386864,USA,25,TOT,1576,14.4,0.545,0.447,0.162,1.4,0.6,24.6
13788500,USA,29,CHI,1690,14.7,0.552,0.022,0.14,0.4,2.8,20.4
16698103,USA,27,PHI,2408,12.8,0.562,0.656,0.162,2.6,2.2,17.5
14275000,Spain,27,UTA,2185,15,0.533,0.33,0.307,2.6,0.4,22.8
1471382,USA,24,PHI,668,16.8,0.566,0.144,0.236,1.3,3.2,16.7
2500000,USA,37,DEN,163,6.3,0.499,0.259,0.259,0.6,0.5,9.3
16000000,USA,27,DET,1084,15.5,0.516,0.294,0.231,1.1,0.3,27.4
2500000,USA,26,DET,1732,13.6,0.615,0.515,0.09,1.4,0.7,15.7
2328652,USA,33,OKC,1324,13.2,0.492,0.41,0.08,1.8,1,20.4
1471382,Brazil,25,UTA,478,12.3,0.554,0.313,0.224,1.2,0.7,18.3
1889040,USA,21,TOT,212,9.3,0.546,0.661,0.107,1.2,1.2,13.8
2328652,USA,31,TOT,391,10.8,0.473,0.224,0.483,1.8,0.4,19.2
3300000,USA,31,NOP,1591,14.9,0.519,0.303,0.094,1.8,0.5,16.8
100000,USA,24,GSW,597,13.4,0.6,0.41,0.102,0.9,0.1,17.7
3853931,USA,29,CHI,196,4,0.398,0.449,0.347,2,0.9,15
1709538,USA,27,BRK,1270,7.5,0.51,0.797,0.173,1.1,1.6,14.3
1312611,Germany,23,CHI,824,5.2,0.444,0.47,0.111,1.2,1.6,15.2
31269231,USA,32,DEN,1008,18.2,0.564,0.258,0.36,1.9,3.3,22.4
19508958,USA,27,OKC,2779,18.4,0.566,0.447,0.3,2.8,1.2,25.6
16000000,Spain,37,SAS,1753,19,0.54,0.189,0.331,0.6,3.7,20.7
10714286,Australia,29,SAS,2018,12.1,0.562,0.606,0.178,1.3,0.5,17.8
5192000,USA,28,OKC,1234,9.7,0.545,0.638,0.165,1.9,1.7,10.8
1312611,USA,22,GSW,961,7.4,0.477,0.356,0.151,2.2,0.8,12.8
5513514,USA,29,LAC,334,12.3,0.53,0.504,0.143,2.6,1.2,19.6
1471382,USA,25,POR,1432,9.3,0.535,0.542,0.113,0.7,1.2,13.5
1312611,Cameroon,23,TOR,1577,14.9,0.554,0.268,0.178,1.9,2,15.9
7590035,USA,32,HOU,2170,8.4,0.537,0.692,0.145,1.8,0.9,10.3
24773250,USA,24,WAS,2349,18.4,0.601,0.357,0.145,2.4,1.4,18.4
2106470,Israel,29,GSW,740,15.5,0.632,0.106,0.333,1.2,2,16.3
10595505,Turkey,31,NOP,121,4.5,0.423,0,0.75,0.4,1.3,9.4
1312611,USA,25,MIA,80,8.9,0.577,0.688,0.188,0.6,1.1,10.3
1645200,United Kingdo...,20,TOR,1389,9.5,0.575,0.565,0.183,1.8,0.6,12.3
1471382,USA,24,TOR,1003,8.4,0.496,0.489,0.11,1.6,1.2,18.9
3505233,USA,22,TOT,875,12.8,0.509,0.282,0.248,1.1,1.6,14.5
12250000,Montenegro,27,ORL,1619,19.7,0.536,0.25,0.115,1.6,2.9,25.9
12500000,Montenegro,26,TOT,1352,17.8,0.567,0.525,0.21,1.4,2.2,23.2
1471382,Serbia,22,DEN,2288,24.4,0.607,0.279,0.317,1.8,2.1,24.1
3807146,Canada,24,TOT,459,9.1,0.554,0.669,0.165,0.8,0.5,15.5
92160,USA,23,TOT,60,2.4,0.362,0.611,0.167,0,1.6,15.7
1312611,Argentina,24,ATL,10,-4.6,0,1,0,0,0,8.7
22434783,France,29,CHO,1918,14.3,0.518,0.422,0.204,1.6,1,18.2
5192000,USA,32,GSW,1307,10.1,0.562,0.669,0.123,1.3,0.4,18
2328652,USA,37,OKC,72,13.8,0.666,0,0.421,0,0,17.6
4187599,USA,23,DAL,472,16.2,0.558,0.01,0.267,3.3,4.1,13.8
3477600,Brazil,35,HOU,732,17,0.604,0.009,0.442,1.8,1.6,19
3949999,Serbia,29,MIN,1286,12.9,0.598,0.49,0.13,1.7,1,14.3
92160,Canada,24,UTA,1,134.1,1.5,1,0,0,0,45.1
50000,USA,26,UTA,19,-2.9,0.167,0,0,0,0,14.2
2569920,USA,21,IND,1761,17.6,0.581,0.241,0.333,1.1,5.7,20.1
1471382,USA,24,LAC,1190,24.9,0.656,0.012,0.417,1.3,3.3,23.8
10500000,Bosnia,32,MIL,159,13.5,0.623,0.789,0,1.3,0.5,18.2
3025035,Lithuania,28,NYK,2,-41.1,0,0,0,0,0,43.6
6000000,Serbia,30,LAC,1134,11.7,0.564,0.644,0.128,1,0.4,18.2
12500000,USA,29,ATL,888,10.7,0.57,0,0.328,0.9,2.9,13.1
1709538,USA,29,WAS,1320,13.7,0.608,0.313,0.14,0.8,0.7,19.8
5000000,USA,26,ATL,984,14.6,0.599,0.526,0.203,1.5,2.3,15.8
87552,USA,27,TOT,687,13.9,0.469,0.305,0.262,2,0.8,25.1
28530608,USA,30,MEM,373,15.5,0.52,0.458,0.393,1.6,0.8,25.9
13000000,USA,24,CHO,1778,12.6,0.534,0.004,0.296,1.3,1.5,16.4
2700000,USA,26,CHO,835,10.9,0.446,0.258,0.389,2.6,2.3,16.6
2116955,USA,29,NYK,1582,17.7,0.557,0.101,0.195,1,2.2,26.8
9904495,USA,25,POR,237,16.8,0.661,0.333,0.139,1.3,0,16
815615,Germany,26,DAL,1155,12.9,0.567,0.407,0.203,1.1,3.4,13.5
10162922,USA,24,POR,1264,12.6,0.596,0.397,0.199,1.9,2.8,12.6
9607500,Australia,27,MIL,702,8.7,0.506,0.517,0.168,1,0,13.4
50000,USA,24,MIA,11,-0.7,0.417,0.833,0,0,0,28.6
14041096,USA,27,DEN,1373,16.8,0.582,0.003,0.48,1.7,4.7,16.6
13168750,USA,31,CHO,1941,13.3,0.593,0.537,0.223,1.3,1.5,14.5
86119,USA,29,MEM,76,38.1,0.733,0.405,0.31,3.3,1.2,30.6
100000,USA,25,MIL,52,10.9,0.697,0,5.333,0,1.6,11.4
2116955,USA,30,ORL,647,13.9,0.541,0.678,0.158,0.5,2.7,26.9
83129,USA,24,MEM,74,5.8,0.302,0.25,0.313,2.7,0,12.9
3073800,USA,20,PHO,1501,10.8,0.504,0.401,0.319,1.6,3.8,17.9
8000000,USA,28,WAS,1872,13.3,0.573,0.298,0.181,1.4,1.8,19.3
7026240,USA,19,PHI,176,10.3,0.404,0.014,0.233,1.6,1.4,22
4078320,Croatia,22,ORL,1544,13.6,0.544,0.437,0.162,2.4,1.6,19.8
2106407,USA,31,MEM,1353,10.1,0.5,0.424,0.298,2.8,0.8,19.4
4538020,USA,23,BOS,1614,10.8,0.479,0.483,0.258,2.2,1.2,19.5
5000000,USA,28,BOS,1398,14.8,0.547,0.385,0.255,1.2,0.7,23
1312611,USA,23,MIN,223,6.3,0.498,0.298,0.447,1.3,0,11.8
6306060,Italy,31,TOT,1838,14,0.581,0.508,0.216,1.6,0.4,20.3
12782609,Poland,33,WAS,1967,14.9,0.55,0,0.299,1,2.6,15.6
22642350,Spain,33,MEM,2374,17.3,0.531,0.309,0.33,1.1,4,25.7
2500000,Argentina,40,SAS,1241,12.4,0.544,0.409,0.285,1.7,1.1,21.3
2904480,USA,19,CHO,778,8.5,0.457,0.571,0.071,1.1,0.9,24.2
1700640,USA,21,DEN,581,8.8,0.504,0.458,0.186,1.3,1,16.1
2500000,USA,28,ATL,1014,10.7,0.519,0.435,0.323,1.7,0.5,16.9
1312611,USA,25,MIL,1404,14.3,0.579,0.319,0.174,1.5,0.8,19.1
1504560,USA,22,TOT,324,5.9,0.446,0.444,0.244,1.6,0.3,15.2
17190000,United Kingdo...,32,LAL,13,5.5,0.5,0,0,3.7,0,9.8
2759280,USA,21,DET,1339,11.6,0.55,0.42,0.157,1.5,0.9,16.9
1974159,USA,28,TOT,708,10.2,0.587,0.72,0.104,0.6,0.8,14.9
50000,Dominican Rep...,24,DET,8,-15.5,0,0,0,0,0,16.6
2947305,Brazil,25,TOR,404,17.5,0.661,0.234,0.364,2.8,8.3,11.3
2116955,Cameroon,31,HOU,1507,10.1,0.601,0.506,0.271,2.1,1.4,12.7
7000000,USA,31,LAC,2527,20.5,0.575,0.391,0.36,1.6,0.6,29.9
6286560,USA,20,LAL,1780,12.5,0.444,0.523,0.126,2.4,2,17.4
33285709,USA,33,CLE,2898,28.5,0.62,0.254,0.33,1.9,2.1,31.4
3821640,Finland,20,CHI,1949,15.3,0.551,0.466,0.188,0.9,1.8,21.7
1471382,USA,25,TOT,1367,20.3,0.613,0.031,0.338,3,2.1,15.8
148318,USA,27,TOT,70,3,0.354,0.375,0,0,0,16.7
6666667,USA,26,DET,782,12.3,0.509,0.648,0.112,1.9,0.6,19
6655325,USA,29,NYK,1302,6.4,0.512,0.476,0.21,1.1,0.9,10.5
4180000,USA,27,IND,1747,12.4,0.501,0.321,0.173,1.2,0.8,21.8
21461010,USA,32,SAS,2416,25.2,0.573,0.07,0.303,0.8,3,29.1
18868625,Australia,25,BOS,1931,25.1,0.61,0.374,0.24,1.7,0.7,31.1
4666500,USA,29,OKC,59,5.9,0.43,0.238,0.619,0.8,0,21.6
4087500,USA,27,NYK,1289,19.4,0.623,0.037,0.339,1.3,6,17
28703704,USA,31,TOR,2387,19.6,0.6,0.63,0.283,1.7,0.5,21.6
1423560,USA,22,LAL,2383,14.4,0.551,0.418,0.201,1,1.1,22.5
7000000,USA,36,CLE,1516,13.5,0.651,0.779,0.149,0.9,1.5,16.1
92160,USA,26,DAL,409,9.8,0.439,0.185,0.444,2,1.3,13
2151704,USA,24,SAS,1906,15.7,0.579,0.13,0.326,2.9,2.5,13.5
4503600,Latvia,22,NYK,1553,20.4,0.539,0.256,0.309,1.1,6.4,31
4046760,USA,23,CHI,1525,14.5,0.488,0.201,0.173,3.3,1.6,24.7
8393000,USA,28,SAC,1391,17.5,0.566,0,0.19,1.7,2.2,15.2
17826150,USA,27,GSW,2369,16.1,0.601,0.442,0.087,1.1,1.1,23.4
14100000,USA,26,MIL,2857,17.4,0.579,0.327,0.282,2,0.6,24.5
815615,Canada,25,ORL,481,14.6,0.543,0,0.388,1.1,3,12.8
1471382,USA,21,GSW,819,14.4,0.581,0.024,0.455,1.8,4.9,12.3
22642350,USA,29,CLE,1556,22.4,0.608,0.441,0.367,1.3,1.3,25.3
25000000,USA,29,GSW,2196,26.2,0.643,0.337,0.331,1,4.2,30.3
17745894,USA,24,LAL,2377,13.5,0.57,0.523,0.25,2.1,0.5,16.9
16910113,USA,28,ATL,1789,14.5,0.547,0.405,0.297,2.7,2.2,22.5
12921348,USA,28,DEN,461,17.4,0.552,0.007,0.345,1.3,2.4,18.2
12000000,USA,27,CHO,2663,20.7,0.571,0.441,0.307,1.6,0.8,27.5
2093040,USA,22,WAS,2121,12.2,0.539,0.465,0.299,1.7,1.4,19.4
10607169,Canada,26,MIA,1720,18,0.615,0.44,0.27,1.8,1.7,21.6
1312611,USA,22,DET,3,-31.6,0,0.5,0,0,0,44.2
1312611,USA,22,CHI,134,3.6,0.386,0.273,0.182,1.1,0.7,28
1312611,USA,22,TOT,137,2.9,0.375,0.279,0.176,1.1,0.6,28.4
18868625,USA,26,SAS,210,26,0.572,0.315,0.342,4.3,3.6,30.6
6216840,USA,22,MIN,2770,24.8,0.645,0.249,0.351,1.1,3.5,22.9
2947305,Bosnia & Herz...,23,POR,1966,19.1,0.529,0.008,0.292,1.5,4.3,26.6
2705040,USA,21,MIA,1587,11.5,0.498,0.271,0.208,1.6,1.8,16.2
2247480,USA,20,MIN,4,19.8,0.5,0,0,12.5,0,22.1
2365560,USA,22,SAC,1413,9.8,0.53,0.429,0.09,1,0.8,14.4
4615385,USA,28,CHI,2180,10.9,0.518,0.574,0.211,1.7,1.3,18
1579440,USA,24,PHI,485,11.9,0.523,0.486,0.197,1.4,1,18.8
1524305,USA,29,CHO,106,6.7,0.635,1,0.286,0.9,1.6,5.7
4149242,USA,23,LAL,2099,19.8,0.605,0.05,0.468,0.9,1.7,25.2
2076840,Spain,22,DEN,275,10,0.517,0.662,0.162,1.1,0.9,13.9
25686667,USA,27,NOP,2788,17.4,0.566,0.288,0.193,1.9,1.7,23.2
5400000,USA,32,NOP,12,3.5,0.25,0,0,0,0,14.4
1471382,USA,24,MIA,2601,13.7,0.556,0.385,0.159,2.3,2.4,18.2
6021175,USA,30,DAL,6,-12.5,0,1,0,0,0,7.6
5090040,USA,20,PHO,1929,11.8,0.482,0.235,0.296,1.9,1.4,25.7
1471382,USA,26,OKC,979,5.3,0.413,0.628,0.111,0.8,4,9.4
1394520,USA,22,LAL,1312,11.2,0.579,0.53,0.243,1.5,0.9,12.5
92160,USA,24,PHO,86,7.3,0.349,0.317,0.268,4.5,1.9,26
2328652,Spain,36,CLE,888,11.5,0.652,0.517,0.167,1.5,0.2,11.7
1471382,USA,23,MIA,284,10.6,0.515,0.195,0.232,1.1,3,17.1
250000,USA,29,NOP,37,15.7,0.643,0.357,0,0,2.2,21.1
11562500,USA,25,TOT,1819,16.7,0.543,0.337,0.202,1.5,0.3,26.6
815615,USA,23,GSW,774,18.7,0.646,0.017,0.235,2.1,5.7,13.8
6300000,USA,28,ORL,2029,12.8,0.555,0.268,0.317,1.4,0.6,21.9
4186320,USA,20,ORL,536,9.8,0.465,0.317,0.172,3,4.5,15
15460675,Lithuania,25,TOR,1657,22.3,0.625,0.108,0.31,0.9,3.1,22.7
4000000,Sweden,30,UTA,1069,13,0.573,0.45,0.171,1.1,0.9,15.6
10497319,USA,28,DET,136,8.9,0.505,0.083,0.417,0.4,2,16.1
1524305,USA,24,CHO,379,12,0.47,0.251,0.146,1.2,1.3,22.5
18063850,USA,27,WAS,1335,18.5,0.507,0.249,0.358,1.9,2.7,29
11422536,USA,27,MIL,1869,15.8,0.587,0.015,0.318,1.1,4.8,15.1
1936920,USA,20,ATL,1690,18.4,0.624,0.083,0.34,1.2,4,17.9
1524305,France,26,SAS,523,16.5,0.542,0.027,0.242,0.9,0.5,20.4
6100266,Cameroon,23,PHI,1912,22.9,0.573,0.203,0.442,1,4.8,33.5
1312611,Ukraine,24,MIL,38,11.7,0.521,0.167,1,2.6,0,12.7
1471382,USA,25,IND,520,10.2,0.522,0.351,0.17,1.3,0.2,17.9
9505000,USA,36,TOT,1129,8.4,0.494,0.404,0.124,0.8,0.5,16
14136364,Australia,30,UTA,2461,14.3,0.622,0.652,0.115,1.8,0.6,16
1524305,USA,26,BRK,1916,13,0.626,0.576,0.169,0.9,0.7,16.7
3290000,USA,30,WAS,1087,12.3,0.545,0.528,0.3,1.3,0.3,18.9
17765000,USA,32,NYK,40,15.6,0.51,0,0.4,2.5,4.3,17.2
19301070,USA,28,MIN,2077,23.5,0.589,0.22,0.446,2.6,1,24.7
9000000,USA,29,PHI,925,7.6,0.546,0.557,0.168,1.2,0.5,15.1
1713840,USA,25,CHI,1574,14.5,0.531,0.37,0.387,1.8,0.4,17.3
12000000,USA,29,BRK,25,16,0.597,0.167,0.583,0,0,31.3
7000000,USA,25,CHO,1901,17,0.557,0.307,0.255,1.5,1.4,22.6
104059,USA,30,ATL,5,10.4,1,0,0,0,0,17.5
1524305,USA,23,OKC,1585,15.6,0.596,0.245,0.497,0.9,4.1,16
1577320,USA,27,DAL,39,8.3,0.444,0.625,0.125,0,6.8,22
19000000,USA,29,MIN,2166,16.1,0.55,0.286,0.303,2.2,0.9,20.4
2116955,USA,31,CLE,1715,14.2,0.571,0.269,0.371,1.1,1.6,19.5
5645400,USA,19,BOS,2383,15.1,0.586,0.293,0.308,1.6,2,19.4
92160,USA,22,ATL,98,6.9,0.452,0.29,0,1,0.9,16.5
4956480,USA,21,BOS,2062,13.3,0.556,0.376,0.287,1.6,1,21
815615,USA,21,LAC,778,7.2,0.421,0.213,0.194,2.2,0.6,17.7
2116955,USA,30,GSW,584,21.8,0.634,0.029,0.233,1.6,7.6,18.8
2328652,USA,40,MIL,762,8,0.531,0.746,0.063,2.4,1.4,10.1
5225000,USA,31,WAS,276,8.2,0.444,0.277,0.17,0.5,3.8,21.9
2328652,USA,34,NYK,1483,11.2,0.487,0.193,0.167,1.2,0.2,16.5
1713720,USA,19,BRK,1341,17.6,0.634,0.037,0.387,1,4.1,16.7
1471382,USA,23,MEM,1661,10.5,0.516,0.198,0.234,1.2,2.8,17.1
83129,USA,26,TOT,9,-1.9,0,1,0,5.6,0,9.8
10000000,USA,32,PHO,626,8.7,0.554,0.682,0.264,1.7,1.2,10.1
8533333,USA,27,MEM,1542,14,0.53,0.26,0.227,1.1,1.5,17.9
50000,USA,27,LAC,274,11.4,0.634,0.778,0.049,0.9,2.4,14.3
50000,USA,25,PHI,18,7.5,0.508,1,0.286,0,4.6,21.1
13954000,USA,30,MIA,1873,15.9,0.575,0.308,0.26,1.9,2.2,19
28299399,USA,28,HOU,2449,30.2,0.619,0.499,0.498,2.5,1.7,36.2
3028410,USA,27,TOT,1540,11.8,0.592,0.391,0.314,1.5,1.1,13.6
4736050,USA,35,TOT,1013,8.2,0.489,0.508,0.082,1.3,0.3,13.7
46080,USA,24,DAL,27,22.6,0.599,0,0.417,0,0,25.6
3355320,Canada,20,DEN,2414,16.2,0.577,0.414,0.238,1.6,0.9,22.9
10942762,USA,37,MIN,1566,13.5,0.527,0.425,0.154,1.2,0.4,24.2
2825640,Austria,22,TOR,1429,17,0.648,0.006,0.272,1.2,5.4,14.6
1312611,USA,23,POR,155,3.8,0.331,0.432,0.068,1.9,2.1,14.3
4995120,USA,22,TOT,353,15.4,0.584,0.029,0.21,0.4,3.9,21
6796117,USA,27,TOT,2007,10.3,0.531,0.506,0.226,1.5,0.8,16.9
50000,USA,28,PHI,6,-2.3,0.5,0.5,0,0,0,21.4
6782392,USA,22,MIL,621,17.3,0.559,0.254,0.164,1.6,1.4,23.3
13760000,USA,32,CLE,2152,8.5,0.534,0.645,0.098,1.5,0.4,13.8
23000000,USA,33,PHI,2021,15.6,0.612,0.524,0.244,0.8,0.2,21.5
3903900,Puerto Rico,33,DAL,1603,17.8,0.545,0.454,0.148,1.1,0.2,24.9
1312611,Croatia,20,LAL,336,15.6,0.567,0,0.446,0.9,2.7,17.9
950000,USA,20,MEM,401,15.6,0.599,0,0.22,1,1.6,17.9
6000000,USA,29,DET,1966,15,0.517,0.115,0.151,1.5,0.9,20.7
1312611,USA,22,BRK,180,11.6,0.53,0.209,0.221,2.2,0.8,28.4
6261395,USA,28,TOT,862,12.6,0.508,0.447,0.311,0.8,0.3,28.8
1312611,USA,23,ATL,1086,11.2,0.499,0.195,0.379,1.4,0.8,19.7
1069308,USA,26,TOT,422,13.5,0.539,0.482,0.372,1.8,0.2,18.9
10337079,USA,27,CLE,276,6.4,0.48,0.448,0.259,1.6,1.2,13
950000,USA,19,IND,28,23.2,0.558,0,0.667,1.8,9.5,21.8
16661641,France,31,WAS,1096,12.9,0.614,0.008,0.523,1.7,3.2,15.6
1577230,USA,26,NOP,1398,9.1,0.525,0.391,0.124,1.1,0.6,17.3
1780800,USA,21,DET,242,7.7,0.422,0.389,0.148,0.6,0,23.6
23775506,USA,28,MIA,1303,24.1,0.578,0.004,0.33,1.4,5.8,24.4
23112004,USA,25,DAL,2561,16,0.542,0.272,0.262,1,0.5,25.2
2247480,France,22,BOS,182,10.5,0.543,0.689,0.378,0.6,0.9,15.6
17884176,USA,27,TOT,951,20.2,0.586,0,0.303,2,1.7,22.4
14112360,Senegal,28,MIN,1281,14.2,0.536,0.147,0.266,1.7,2.5,16.2
29727900,USA,27,BOS,5,7.4,0.5,0.5,0,0,0,17.9
17000450,Slovenia,31,MIA,2324,16.8,0.544,0.281,0.255,1.3,0.4,25.8
1524305,USA,24,IND,241,8.9,0.443,0.322,0.119,2.3,0.4,11.9
22471910,Greece,23,MIL,2698,27.7,0.603,0.099,0.465,1.9,3.3,31.3
50000,Puerto Rico,24,DAL,64,7.4,0.53,0.833,0.111,1.6,0,14.8
947248,USA,32,HOU,825,14,0.558,0.721,0.146,1.4,1.3,21.7
2301360,Greece,20,SAC,118,10.7,0.415,0,0,0.9,4.8,18.6
100000,USA,24,UTA,18,15,0.394,0.375,0.25,5.6,0,27.3
20000000,USA,31,TOT,1783,13.2,0.581,0.399,0.273,1.6,1.3,16.4
50000,USA,25,TOT,149,7.6,0.414,0.319,0.064,1,1.7,15.3
2550055,USA,23,DEN,2265,16.6,0.599,0.436,0.175,2.6,0.6,20.6
8000000,USA,31,SAC,1615,10.2,0.536,0.477,0.164,1.8,1.6,16.4
1465920,Turkey,20,PHI,69,6.5,0.446,0.625,0.167,1.4,1.2,17.2
1312611,USA,23,TOR,1478,16.2,0.562,0.478,0.184,2.2,1,19.1
3501120,France,19,NYK,1566,6.5,0.429,0.313,0.15,1.9,0.9,17
1184385,USA,23,SAC,972,13.1,0.479,0.224,0.301,1.8,1,22.5
2847600,USA,24,CHO,1755,14,0.542,0.38,0.281,1,0.9,20.3
17131148,USA,29,POR,1910,9.9,0.519,0.224,0.195,1,1.1,15.7
17000000,France,25,ORL,1837,15.6,0.577,0.418,0.216,1.3,0.7,23.3
8445024,USA,28,NOP,2468,11.9,0.587,0.364,0.079,1.5,0.4,16.2
6000000,Turkey,30,TOT,1627,14.5,0.555,0.414,0.216,1.7,1.2,18.4
1739333,USA,26,DET,715,13,0.511,0,0.26,1.7,5.7,9.3
12943020,USA,29,HOU,2127,15.3,0.58,0.623,0.251,1,1.1,24.8
14500000,USA,28,TOT,2209,19.3,0.577,0.364,0.318,3.2,1.5,26.3
20566802,Turkey,25,NYK,1830,24,0.63,0.003,0.258,1,1.8,21.8
3381480,Democratic Re...,21,TOT,1237,11.6,0.476,0.281,0.246,1.6,0.8,24.4
239204,USA,35,NOP,341,16.3,0.538,0,0.228,1.1,5.8,14.5
3332340,USA,23,TOT,1808,16.6,0.538,0.138,0.252,2.2,1,21.8
3200000,USA,30,UTA,783,15.3,0.566,0.009,0.487,2.7,7.8,9.2
6352531,USA,28,POR,1439,15.8,0.61,0.003,0.387,1.1,2.9,12.2
15550000,USA,36,TOT,1476,15.5,0.506,0.163,0.281,1.9,2.6,26.1
9003125,Canada,26,DAL,1587,18.7,0.661,0.173,0.43,2,1.7,15.4
23500000,USA,32,CHO,2384,20.5,0.578,0.008,0.642,1,4.5,24.3
748160,USA,28,DET,427,12.8,0.498,0.227,0.207,2.2,0.4,26.4
815615,USA,22,CHO,713,5.8,0.431,0.224,0.13,1.1,0.2,13.7
16400000,USA,27,GSW,2171,16.4,0.555,0.409,0.28,2,3.2,17.1
4468800,Croatia,20,PHO,1957,6.6,0.512,0.666,0.105,0.5,2.1,12.6
3294994,USA,26,TOT,1724,10.5,0.579,0.42,0.164,0.5,0.8,15
1312611,USA,24,DAL,344,6.3,0.468,0.595,0.155,1,1,14
2621280,USA,21,UTA,2512,16.5,0.541,0.407,0.209,2.2,0.9,29
2550000,Lithuania,21,IND,1711,17.3,0.57,0.054,0.346,1,1.5,21.7
5000000,Germany,39,DAL,1900,16.7,0.575,0.445,0.142,1.1,2.1,20.5
11000000,USA,26,MIA,918,10.5,0.487,0.415,0.168,1.3,0.8,25
815615,Canada,22,MEM,2220,9.1,0.526,0.343,0.187,1.5,0.7,17.9
1312611,USA,21,MEM,841,16.7,0.624,0,0.23,0.8,3.9,15.4
6000000,USA,28,ATL,1458,15.7,0.599,0.301,0.166,1.3,2.7,17.1
4402546,USA,34,TOT,1272,12.8,0.561,0.493,0.384,1.8,0.8,20.1
2319360,USA,21,PHO,1865,18.1,0.561,0.364,0.312,1.2,0.6,31.6
104059,USA,26,LAL,9,-3.2,0.25,0.5,0,0,0,18.9
1404600,USA,23,SAS,139,15.9,0.646,0.394,0.606,1.5,1.8,15.4
2116955,USA,29,TOT,366,12.3,0.515,0.164,0.267,0.7,0.9,26.2
1312611,USA,20,TOT,245,10.3,0.488,0.346,0.462,0.8,4.4,12.7
12000000,USA,26,UTA,2044,18.8,0.594,0.084,0.319,1.3,3.2,18.5
2186400,USA,24,CHI,2095,12.1,0.527,0.513,0.071,1.5,0.5,17.5
3218280,USA,20,DAL,1978,12.8,0.475,0.333,0.189,1.7,0.7,29.1
15500000,Germany,24,ATL,2078,17.3,0.515,0.229,0.231,1.7,0.2,30.4
92858,USA,23,PHI,17,24.6,0.82,0.25,0.5,2.8,0,14.8
14800000,USA,31,BRK,2180,14.3,0.55,0.498,0.313,1.3,1,19.8
18063850,USA,27,NOP,1737,22.7,0.583,0.34,0.456,2.2,3.5,31.9
27739975,USA,28,TOR,2616,21.3,0.558,0.202,0.399,1.6,0.6,29.7
1645200,USA,25,TOR,1339,16.8,0.577,0.342,0.261,2.5,2,17.2
1312611,USA,21,SAS,1669,14.9,0.484,0.057,0.228,2.8,1.4,20.7
1577230,USA,29,TOT,711,6.2,0.485,0.52,0.049,2.6,1.7,7.8
22642350,USA,29,LAC,2321,20.2,0.651,0,0.541,0.8,2.5,15.2
1567200,USA,23,ATL,395,6.2,0.467,0.239,0.248,1.9,2.2,18
4609200,USA,20,SAC,1928,11.2,0.477,0.188,0.242,1.8,1,23.2
815615,USA,22,PHO,195,5.2,0.386,0.492,0.169,2.5,0.8,15.3
1312611,Latvia,25,SAS,1067,14.2,0.587,0.691,0.136,1.2,2.2,17.4
2328652,USA,37,GSW,947,21.4,0.609,0.022,0.209,2.3,6,22
148318,USA,26,UTA,6,31.4,0.931,1,2,0,0,35.8
1312611,USA,25,CHI,1529,12.8,0.561,0.121,0.532,1.8,1.7,15
10000000,USA,30,IND,1929,18.9,0.613,0.327,0.235,2.3,0.7,17.4
7464912,USA,29,DEN,141,8.4,0.559,0.489,0.064,2.8,1.8,19.5
2100000,USA,27,NOP,1847,9.4,0.619,0.746,0.131,0.6,0.7,12.8
2422560,Croatia,23,PHI,2229,16.1,0.587,0.447,0.239,1.1,0.7,20.9
4992385,Australia,22,UTA,148,21.9,0.63,0.203,0.356,2,0.6,24.4
2300000,USA,30,TOT,1499,9.7,0.542,0.474,0.149,1.2,1.4,11.5
10000000,USA,30,SAS,1742,11.5,0.51,0.572,0.114,1.7,3.8,16.5
20559599,Italy,29,LAC,671,13.9,0.545,0.434,0.34,0.9,1.2,20.6
815615,Germany,25,BOS,936,16.2,0.616,0.249,0.348,1.6,4.3,15.5
5562360,USA,21,BRK,1124,15.5,0.506,0.398,0.209,1.4,1.1,30.7
1100000,USA,23,NYK,356,8.9,0.489,0.409,0.13,1,0.2,16.5
92160,USA,25,ATL,321,12.9,0.496,0.387,0.21,2.6,0.3,19.2
2116955,USA,38,IND,152,4.9,0.405,0.462,0.103,0.7,0.6,13.4
26153057,USA,27,POR,2558,25.1,0.594,0.444,0.383,1.5,0.9,30.4
1312611,USA,22,GSW,54,10.7,0.765,0,0.4,0,2.9,12
815615,USA,22,OKC,159,16.6,0.575,0,0.513,1.9,4.6,13.7
2135040,USA,21,MIL,69,9.1,0.638,0.357,0.143,1.4,1.2,12.4
7250000,USA,30,ORL,1679,15.4,0.613,0.512,0.359,1.5,0,18.4
7843500,Brazil,25,CHI,856,12.3,0.619,0.005,0.346,0.6,1.1,13.4
11747890,USA,32,NYK,2226,12.9,0.56,0.366,0.171,1.8,0.6,16.9
7630000,Canada,26,IND,2108,11.2,0.505,0.315,0.161,1.8,0.7,14.6
7579366,USA,31,TOT,1121,11.1,0.535,0.331,0.297,3.2,1.1,14.3
7300000,USA,29,MIN,46,5.2,0.34,0,0.4,2.2,1.9,17.9
12584270,USA,25,CHO,627,16,0.602,0.019,0.545,1.1,2.8,15.7
2334520,Switzerland,23,HOU,1955,24.6,0.65,0.002,0.383,1.4,5.8,19.5
24599495,USA,32,HOU,1753,24.3,0.601,0.475,0.288,2.6,0.7,24.3
1471382,USA,22,WAS,90,15.8,0.478,0.19,0.333,0,4.8,24.6
1312611,Mali,21,NOP,538,17.4,0.619,0,0.365,0.9,2.8,17.6
7420912,USA,34,TOT,643,14.2,0.626,0.544,0.078,1.3,1.8,14.9
23112004,USA,29,MEM,691,13.7,0.578,0.517,0.115,1.3,1.5,18.3
2642857,Turkey,22,CLE,584,10.9,0.605,0.442,0.227,1.6,0.4,15
26243760,USA,33,OKC,2413,12.7,0.502,0.404,0.162,0.9,1.8,23.3
1632480,USA,23,BRK,1781,14.2,0.523,0.335,0.258,2,0.9,22.6
2203440,USA,23,CHI,476,14,0.494,0.429,0.079,2.2,1.7,19.3
1465920,USA,20,POR,165,7.1,0.41,0.148,0.241,1.5,1.5,19.6
7936509,USA,30,TOR,1251,13.2,0.55,0.764,0.154,1.4,1.2,22.1
23962573,USA,26,POR,2780,17.4,0.544,0.319,0.168,1.3,1,26.4
3675480,Bahamas,24,SAC,1930,16,0.558,0.442,0.09,2,1,24.3
1312611,USA,24,SAS,1462,9.1,0.523,0.457,0.141,0.9,0.1,16.7
2451225,Brazil,22,TOT,99,8.5,0.398,0.567,0.2,1.5,3.8,16.6
22642350,USA,29,LAL,1657,16.6,0.558,0.408,0.201,0.9,4.7,23.5
1331160,USA,23,TOT,98,18.2,0.486,0.024,0.119,4.5,5.5,22.3
83129,USA,25,TOT,237,10.1,0.527,0.256,0.233,3.8,1.9,11.7
815615,USA,26,SAS,558,7.2,0.493,0.43,0.339,2.3,1,13.4
238020,USA,28,MIL,156,14,0.51,0.52,0.18,1.6,2.2,19.2
5519400,USA,20,LAL,1975,13.9,0.536,0.138,0.371,1.1,1.8,22.2
5179760,USA,30,TOT,381,19,0.596,0,0.324,1.7,6.4,14.7
23775506,USA,24,WAS,2819,18.7,0.566,0.357,0.245,1.7,1.1,27.8
10500000,Croatia,28,IND,2386,13.8,0.603,0.454,0.244,1.1,0.3,18.9
9470614,Serbia,25,SAC,2089,13.8,0.564,0.426,0.161,1.7,0.7,19.6
1516320,USA,22,CHI,1553,20,0.548,0.28,0.199,1.5,1.1,26
1524305,USA,33,HOU,115,5.4,0.425,0.69,0.034,1.7,0,26
7000000,Serbia,29,TOT,286,25.1,0.611,0,0.621,1.5,3.3,28.8
29512900,USA,28,TOT,1970,19.6,0.544,0.323,0.331,1,0.8,28.9
17000000,Democratic Re...,25,ORL,1428,13.9,0.556,0.003,0.455,0.7,5,14.5
6168840,Australia,21,PHI,2614,19.8,0.555,0.012,0.335,2.4,2.1,22.2
5200000,USA,24,MEM,968,9.2,0.517,0.424,0.166,1.9,1.4,19.5
2490360,USA,20,MIA,1324,15.6,0.564,0.021,0.526,1.2,2.6,15.9
8808989,USA,27,TOT,1433,9.7,0.496,0.325,0.131,1.8,0.5,23.5
11825000,USA,25,LAC,1965,12.9,0.531,0.445,0.193,1.8,0.7,20.7
2328652,USA,32,ORL,657,5.5,0.508,0.425,0.17,0.3,1.1,12.4
4328000,Australia,31,BOS,1402,11.7,0.506,0.037,0.187,0.7,2.8,16.4
92160,USA,23,TOT,93,5.4,0.402,0.125,0.375,3.2,4.8,11
3290000,USA,32,DET,1624,13.5,0.652,0.777,0.278,0.9,1.1,14.7
23775506,USA,24,NOP,2582,28.9,0.615,0.113,0.406,2,5.5,29.8
1645200,Croatia,21,CLE,186,23.2,0.737,0,0.351,0.3,6,18.1
7574322,Canada,22,MIN,2832,13.2,0.509,0.26,0.244,1.5,1.5,23.6
1312611,USA,23,MEM,1326,12.7,0.534,0.331,0.371,1.5,1.8,19.7
2328652,Australia,33,LAL,216,10.9,0.696,0,0.08,0.9,4.9,8.8
9259259,USA,26,OKC,1037,10.9,0.543,0.222,0.235,2.2,3.1,8.6
14814815,USA,34,GSW,1601,11.3,0.539,0.36,0.277,1.6,1.9,11.5
23775506,USA,24,DET,2541,23,0.556,0.011,0.453,2.2,4.3,21.2
11000000,USA,30,PHI,1094,14.2,0.563,0.123,0.353,1.9,3.3,12.7
19332500,USA,25,BRK,2085,11.1,0.54,0.634,0.155,1,1.1,18.6
815615,USA,25,TOR,49,9.2,0.663,0.615,0.231,1,1.6,15.5
7319035,USA,27,POR,1950,12.4,0.529,0.586,0.144,1.9,1.5,14.9
778668,USA,24,IND,101,8.5,0.52,0.44,0,1.5,0.9,11.9
4187599,Ukraine,24,PHO,1324,19.4,0.615,0.003,0.638,1,3.7,16.6
5725000,Spain,24,OKC,1095,9.1,0.573,0.755,0.145,1.6,0.7,12.7
10845506,USA,26,UTA,1030,13.1,0.526,0.335,0.31,1.8,0.7,22.4
6000000,USA,25,PHO,70,9.3,0.455,0,0.5,3.4,1.2,17.5
9769821,USA,33,IND,462,19.9,0.557,0.005,0.163,1.7,4.4,22.2
27734405,Dominican Rep...,31,BOS,2219,17.5,0.577,0.301,0.153,0.9,2.9,18.4
1167333,Egypt,24,BOS,463,5.7,0.464,0.477,0.269,1.4,1.6,16.9
83129,USA,23,DAL,164,6.6,0.411,0.644,0.244,2.1,1.1,14.4
5504420,USA,22,ORL,1838,16.6,0.531,0.393,0.263,1.4,1.9,24.5
2116955,USA,33,MIN,188,10.1,0.508,0.449,0.159,1.6,0,19.7
